,submission,submit_time,hour_12,year,month,day,second,submission_type,zip_type
0,https://ckd.upgrad.com/UpGrad/73ba5189-94fd-44aa-88d3-6b36aaa69b02/DDA1610095.zip,03-01-2017 20:28,08:28:52 PM,2017,1,3,52,DDA1610095.zip,Y
1,https://ckd.upgrad.com/UpGrad/185242ff-7508-4cc4-afa3-5865733ba1d4/DDA1610288.zip,03-01-2017 20:18,08:18:21 PM,2017,1,3,21,DDA1610288.zip,Y
2,https://ckd.upgrad.com/UpGrad/a353d129-c100-4342-aa95-a7018ff93150/DDA1610106.zip,03-01-2017 22:37,10:37:08 PM,2017,1,3,8,DDA1610106.zip,Y
3,https://ckd.upgrad.com/UpGrad/002fc912-faa1-4948-9358-fcdabfd7669c/DDA1610261.zip,02-01-2017 21:43,09:43:19 PM,2017,1,2,19,DDA1610261.zip,Y
4,https://ckd.upgrad.com/UpGrad/25cbc4a4-6d49-4ffa-9bf1-06bdb1a7cf8f/DDA1610028.zip,03-01-2017 15:27,03:27:49 PM,2017,1,3,49,DDA1610028.zip,Y
5,https://ckd.upgrad.com/UpGrad/0ab308ab-2b3a-4c74-9bac-c12567a04754/DDA1610059.zip,04-01-2017 02:43,02:43:46 AM,2017,1,4,46,DDA1610059.zip,Y
6,https://ckd.upgrad.com/UpGrad/ba2c249c-dac8-4619-a978-7fc4d15a9a89/DDA1610087.zip,03-01-2017 23:41,11:41:25 PM,2017,1,3,25,DDA1610087.zip,Y
7,https://ckd.upgrad.com/UpGrad/d8969806-6760-4428-a861-545fb4aff136/DDA1610042.zip,09-01-2017 23:49,11:49:09 PM,2017,1,9,9,DDA1610042.zip,Y
8,https://ckd.upgrad.com/UpGrad/5ff1d0ab-816b-48c0-a5a2-b76b1fd1d787/DDA1610060.zip,30-12-2016 14:14,02:14:17 PM,2016,12,30,17,DDA1610060.zip,Y
9,https://ckd.upgrad.com/UpGrad/0d507851-d102-4714-866c-348b0acf053f/DDA1610195.R,03-01-2017 21:18,09:18:04 PM,2017,1,3,4,DDA1610195.R,N
10,https://ckd.upgrad.com/UpGrad/9a756d83-7a83-49a7-bd18-4c61aaab32b6/DDA1610084.zip,03-01-2017 23:55,11:55:41 PM,2017,1,3,41,DDA1610084.zip,Y
11,https://ckd.upgrad.com/UpGrad/873211b9-5a3q-4510-91cb-awqbd210a7f/DDA1610008.zip,09-01-2017 23:41,11:41:23 PM,2017,1,9,23,DDA1610008.zip,Y
12,https://ckd.upgrad.com/UpGrad/1c4b7a1a-8287-45b4-b774-2c5388031532/DDA1610206.zip,03-01-2017 23:49,11:49:21 PM,2017,1,3,21,DDA1610206.zip,Y
13,https://ckd.upgrad.com/UpGrad/7091a8b2-d3ba-43aa-8a6c-6daf63f1a60b/DDA1610018.zip,03-01-2017 20:13,08:13:50 PM,2017,1,3,50,DDA1610018.zip,Y
14,https://ckd.upgrad.com/UpGrad/5adfdcbb-a728-496d-b3ac-f95116b09b14/DDA1610097.zip,03-01-2017 20:52,08:52:33 PM,2017,1,3,33,DDA1610097.zip,Y
15,https://ckd.upgrad.com/UpGrad/042f9a24-6595-448d-b3ca-019713a4bdff/DDA1610107.zip,03-01-2017 18:22,06:22:59 PM,2017,1,3,59,DDA1610107.zip,Y
16,https://ckd.upgrad.com/UpGrad/f0c04fba-56d2-4ac5-bcaa-f355a9324c07/DDA1610262.zip,04-01-2017 01:43,01:43:43 AM,2017,1,4,43,DDA1610262.zip,Y
17,https://ckd.upgrad.com/UpGrad/bb7a7237-419d-408d-9bd3-8da51d31c0ba/DDA1610273.zip,03-01-2017 23:59,11:59:35 PM,2017,1,3,35,DDA1610273.zip,Y
18,https://ckd.upgrad.com/UpGrad/a790dc52-359f-475f-9b35-841a552c949b/DDA1680725.zip,02-01-2017 23:45,11:45:18 PM,2017,1,2,18,DDA1680725.zip,Y
19,https://ckd.upgrad.com/UpGrad/420af317-8a55-4a5b-9f3d-33377ba51daa/DDA1610030.zip,03-01-2017 23:20,11:20:31 PM,2017,1,3,31,DDA1610030.zip,Y
20,https://ckd.upgrad.com/UpGrad/8268791a-c6a8-422a-ad4d-2d1138163328/DDA1680292.zip,03-01-2017 23:56,11:56:45 PM,2017,1,3,45,DDA1680292.zip,Y
21,https://ckd.upgrad.com/UpGrad/7cbc35aa-1d5c-4d17-b669-5bb9ab5b2f3c/DDA1610234.zip,09-01-2017 23:59,11:59:21 PM,2017,1,9,21,DDA1610234.zip,Y
22,https://ckd.upgrad.com/UpGrad/1244015f-95d6-458a-a1cf-5034c37da339/DDA1610207.zip,03-01-2017 14:52,02:52:54 PM,2017,1,3,54,DDA1610207.zip,Y
23,https://ckd.upgrad.com/UpGrad/a65db4a2-3d36-46bf-9c00-c6b66fa87a3d/DDA1610010.zip,01-01-2017 22:03,10:03:32 PM,2017,1,1,32,DDA1610010.zip,Y
24,https://ckd.upgrad.com/UpGrad/a4d13ca3-9b40-4045-a44b-18f15f0b4ab2/DDA1610191.zip,04-01-2017 00:04,12:04:08 AM,2017,1,4,8,DDA1610191.zip,Y
25,https://ckd.upgrad.com/UpGrad/7996d076-6118-4877-b408-28ab90111d4d/DDA1610128.zip,03-01-2017 20:40,08:40:53 PM,2017,1,3,53,DDA1610128.zip,Y
26,https://ckd.upgrad.com/UpGrad/8fd2afb9-7bc2-4184-8c34-c2b083bbaab7/DDA1610118.zip,03-01-2017 23:11,11:11:11 PM,2017,1,3,11,DDA1610118.zip,Y
27,https://ckd.upgrad.com/UpGrad/a19279d5-a025-45d1-9cf3-94f0c3aa63ad/DDA1610131.zip,03-01-2017 21:36,09:36:16 PM,2017,1,3,16,DDA1610131.zip,Y
28,https://ckd.upgrad.com/UpGrad/3f50884a-4fd0-4826-9838-61a6781939ab/DDA1610160.zip,09-01-2017 23:26,11:26:15 PM,2017,1,9,15,DDA1610160.zip,Y
29,https://ckd.upgrad.com/UpGrad/48781790-093d-42c9-9593-5d796ca34fff/DDA1610290.zip,04-01-2017 00:03,12:03:26 AM,2017,1,4,26,DDA1610290.zip,Y
30,https://ckd.upgrad.com/UpGrad/cc4f866d-b532-409a-924d-2acbaab74165/DDA1610056.zip,04-01-2017 00:01,12:01:00 AM,2017,1,4,0,DDA1610056.zip,Y
31,https://ckd.upgrad.com/UpGrad/8133c6ac-6589-4237-8795-b0f708bf5a16/DDA1610145.zip,03-01-2017 13:20,01:20:33 PM,2017,1,3,33,DDA1610145.zip,Y
32,https://ckd.upgrad.com/UpGrad/a5302db0-f909-4aa0-9329-ad3a85a117bb/DDA1610180.zip,28-12-2016 21:40,09:40:59 PM,2016,12,28,59,DDA1610180.zip,Y
33,https://ckd.upgrad.com/UpGrad/1c9a2339-f41d-4fa8-afcc-9ab929a7413f/DDA1610057.zip,02-01-2017 04:58,04:58:46 AM,2017,1,2,46,DDA1610057.zip,Y
34,https://ckd.upgrad.com/UpGrad/00a50aab-8bd3-4cda-85a3-da3c045f24a6/DDA1610155.zip,03-01-2017 23:30,11:30:12 PM,2017,1,3,12,DDA1610155.zip,Y
35,https://ckd.upgrad.com/UpGrad/c99cb4cc-aa92-42a7-93af-954002d6c16a/DDA1610026.zip,03-01-2017 22:36,10:36:08 PM,2017,1,3,8,DDA1610026.zip,Y
36,https://ckd.upgrad.com/UpGrad/9dcaaf78-bcbf-43f1-bfc5-165a993a99b8/DDA1610049.zip,09-01-2017 01:21,01:21:34 AM,2017,1,9,34,DDA1610049.zip,Y
37,https://ckd.upgrad.com/UpGrad/17026bb3-ab3c-4f8f-8acc-04f6bfc93089/DDA1610181.zip,03-01-2017 10:09,10:09:29 AM,2017,1,3,29,DDA1610181.zip,Y
38,https://ckd.upgrad.com/UpGrad/b3b14536-b46b-47a6-b98c-c5c81cc0f3dc/DDA1610068.zip,03-02-2017 04:02,04:02:28 AM,2017,2,3,28,DDA1610068.zip,Y
39,https://ckd.upgrad.com/UpGrad/da1aafff-477d-4739-9239-2d26aaafbbc7/DDA1610231.zip,03-01-2017 23:36,11:36:56 PM,2017,1,3,56,DDA1610231.zip,Y
40,https://ckd.upgrad.com/UpGrad/0c217b64-4160-450b-a94a-cca6075a4990/DDA1610289.R,09-01-2017 23:31,11:31:05 PM,2017,1,9,5,DDA1610289.R,N
41,https://ckd.upgrad.com/UpGrad/684aaf00-355c-4b97-93b9-f613c6a9cbab/DDA1610179.zip,04-01-2017 01:17,01:17:23 AM,2017,1,4,23,DDA1610179.zip,Y
42,https://ckd.upgrad.com/UpGrad/68cf9c59-621b-4708-9c8d-dab9aab6491f/DDA1610037.zip,03-01-2017 01:46,01:46:10 AM,2017,1,3,10,DDA1610037.zip,Y
43,https://ckd.upgrad.com/UpGrad/32cb7df0-b430-482b-b951-9a84968b53a3/DDA1610156.R,17-01-2017 13:56,01:56:23 PM,2017,1,17,23,DDA1610156.R,N
44,https://ckd.upgrad.com/UpGrad/5fda5ddd-d9a5-487c-ac7b-2a656bfb72df/DDA1610032.zip,03-01-2017 23:37,11:37:49 PM,2017,1,3,49,DDA1610032.zip,Y
45,https://ckd.upgrad.com/UpGrad/bd8ddf8a-ac47-4c7b-af9b-62006cf875ba/DDA1610140.zip,03-01-2017 23:39,11:39:12 PM,2017,1,3,12,DDA1610140.zip,Y
46,https://ckd.upgrad.com/UpGrad/a4d5c706-26b6-47fd-91af-39a95dc80b37/DDA1610151.zip,03-01-2017 23:02,11:02:52 PM,2017,1,3,52,DDA1610151.zip,Y
47,https://ckd.upgrad.com/UpGrad/97727952-94cc-43ac-8b40-d0b235481c3b/DDA1610158.zip,10-01-2017 01:02,01:02:44 AM,2017,1,10,44,DDA1610158.zip,Y
48,https://ckd.upgrad.com/UpGrad/73584688-59aa-4335-bc24-89636292f566/DDA1610210.zip,03-01-2017 21:21,09:21:14 PM,2017,1,3,14,DDA1610210.zip,Y
49,https://ckd.upgrad.com/UpGrad/ad4a86a2-a05c-4f29-92d7-fd68b2da680a/DDA1610216.zip,03-01-2017 20:31,08:31:51 PM,2017,1,3,51,DDA1610216.zip,Y
50,https://ckd.upgrad.com/UpGrad/d1fdsdfkjhd-kjfh34-ssdfj3--65761cc9b1dc/DDA1610133.zip,03-01-2017 16:38,04:38:12 PM,2017,1,3,12,DDA1610133.zip,Y
51,https://ckd.upgrad.com/UpGrad/7998ba02-b315-4fb9-8a81-495fc89bc97f/DDA1610259.zip,03-01-2017 23:24,11:24:27 PM,2017,1,3,27,DDA1610259.zip,Y
52,https://ckd.upgrad.com/UpGrad/4aa8a126-4ac3-439c-8541-2f31bf862c54/DDA1610247.zip,03-01-2017 21:35,09:35:31 PM,2017,1,3,31,DDA1610247.zip,Y
53,https://ckd.upgrad.com/UpGrad/f2ac711c-3cfb-401d-b57c-95da44f8a95d/DDA1610020.zip,03-01-2017 23:33,11:33:37 PM,2017,1,3,37,DDA1610020.zip,Y
54,https://ckd.upgrad.com/UpGrad/7241d023-821b-48b2-8a01-ac761a7fd67c/DDA1610053.zip,03-01-2017 14:27,02:27:59 PM,2017,1,3,59,DDA1610053.zip,Y
55,https://ckd.upgrad.com/UpGrad/3c564a75-8738-47a4-8681-6384099c86ab/DDA1610303.zip,02-01-2017 18:07,06:07:27 PM,2017,1,2,27,DDA1610303.zip,Y
56,https://ckd.upgrad.com/UpGrad/58ccf7ab-f923-4c5a-81b0-ab5905193469/DDA1610012.zip,03-01-2017 21:07,09:07:13 PM,2017,1,3,13,DDA1610012.zip,Y
57,https://ckd.upgrad.com/UpGrad/b1d8a868-25aa-4237-98a4-945ab41db47a/DDA1610064.zip,03-01-2017 23:38,11:38:16 PM,2017,1,3,16,DDA1610064.zip,Y
58,https://ckd.upgrad.com/UpGrad/78cfa157-4db8-41fa-9459-26ca3f325c27/DDA1610196.zip,09-01-2017 20:47,08:47:36 PM,2017,1,9,36,DDA1610196.zip,Y
59,https://ckd.upgrad.com/UpGrad/cc7a66d1-0a45-4ba2-8b04-a17a7f303aaf/DDA1610136.zip,03-01-2017 06:58,06:58:26 AM,2017,1,3,26,DDA1610136.zip,Y
60,https://ckd.upgrad.com/UpGrad/10197df7-75ad-4541-8f4c-a06a6cbd4b1d/DDA1610110.zip,03-01-2017 01:22,01:22:09 AM,2017,1,3,9,DDA1610110.zip,Y
61,https://ckd.upgrad.com/UpGrad/9683d673-64a6-439b-a784-09cadd094a7f/DDA1610149.zip,04-01-2017 12:10,12:10:23 PM,2017,1,4,23,DDA1610149.zip,Y
62,https://ckd.upgrad.com/UpGrad/a0483f5f-aadb-4b04-9404-1a39495175ca/DDA1610038.zip,03-01-2017 15:51,03:51:19 PM,2017,1,3,19,DDA1610038.zip,Y
63,https://ckd.upgrad.com/UpGrad/8385f63b-6f2a-49d0-86aa-ca91cb01af91/DDA1610043.zip,02-01-2017 13:43,01:43:58 PM,2017,1,2,58,DDA1610043.zip,Y
64,https://ckd.upgrad.com/UpGrad/d8688f0b-aa39-44b9-aac6-a7a84536a1aa/DDA160171.zip,09-01-2017 23:10,11:10:56 PM,2017,1,9,56,DDA160171.zip,Y
65,https://ckd.upgrad.com/UpGrad/a71b6a2c-8480-4536-96a2-214cf3930ad2/DDA1610221.zip,02-01-2017 21:43,09:43:56 PM,2017,1,2,56,DDA1610221.zip,Y
66,https://ckd.upgrad.com/UpGrad/31a3f38d-cb52-4348-80d5-d7f506a9185c/DDA1610240.zip,03-01-2017 23:54,11:54:15 PM,2017,1,3,15,DDA1610240.zip,Y
67,https://ckd.upgrad.com/UpGrad/d129b546-461d-4cba-aaca-1f8c5a191107/DDA1610074.zip,03-01-2017 23:45,11:45:41 PM,2017,1,3,41,DDA1610074.zip,Y
68,https://ckd.upgrad.com/UpGrad/9b44dbaa-a5a1-4f50-82a8-ba0c02a50130/DDA1610036.zip,03-01-2017 22:35,10:35:42 PM,2017,1,3,42,DDA1610036.zip,Y
69,https://ckd.upgrad.com/UpGrad/2bc51588-785a-48db-9441-bc5c251c229a/DDA1680250.zip,03-01-2017 23:57,11:57:37 PM,2017,1,3,37,DDA1680250.zip,Y
70,https://ckd.upgrad.com/UpGrad/56a01a39-85b3-4ba2-a9ad-acfb36b0a0d5/DDA1610022.zip,03-01-2017 20:45,08:45:34 PM,2017,1,3,34,DDA1610022.zip,Y
71,https://ckd.upgrad.com/UpGrad/93aa0536-acd7-4952-b9f8-c830af9d7934/DDA1610009.zip,03-01-2017 20:39,08:39:49 PM,2017,1,3,49,DDA1610009.zip,Y
72,https://ckd.upgrad.com/UpGrad/0b098368-5b74-4249-9783-a43c1ab48dab/DDA1610218.zip,01-01-2017 02:59,02:59:32 AM,2017,1,1,32,DDA1610218.zip,Y
73,https://ckd.upgrad.com/UpGrad/fc9dbaf6-da00-421a-8aa8-016a275add09/DDA1610203.zip,02-01-2017 18:57,06:57:27 PM,2017,1,2,27,DDA1610203.zip,Y
74,https://ckd.upgrad.com/UpGrad/04664062-2096-4078-a8a3-1a514adca3aa/DDA1610002.zip,03-01-2017 23:10,11:10:36 PM,2017,1,3,36,DDA1610002.zip,Y
75,https://ckd.upgrad.com/UpGrad/75849234-723-4893829c-8addfg5794/DDA1610219.zip,03-01-2017 23:43,11:43:23 PM,2017,1,3,23,DDA1610219.zip,Y
76,https://ckd.upgrad.com/UpGrad/757cfa2d-7cc1-44fa-a457-30af900a162f/DDA1610007.zip,02-01-2017 21:22,09:22:13 PM,2017,1,2,13,DDA1610007.zip,Y
77,https://ckd.upgrad.com/UpGrad/873210a9-5a3b-4510-9a3b-abb8bd210a6f/DDA1610008.zip,03-01-2017 21:04,09:04:24 PM,2017,1,3,24,DDA1610008.zip,Y
78,https://ckd.upgrad.com/UpGrad/5012a86d-b5fa-4afa-bbf2-8135a7ab8da0/DDA1610252.zip,09-01-2017 23:53,11:53:34 PM,2017,1,9,34,DDA1610252.zip,Y
79,https://ckd.upgrad.com/UpGrad/ad2d0318-244c-4a32-bba1-a4213a9c9a40/DDA1610092.zip,03-01-2017 23:24,11:24:51 PM,2017,1,3,51,DDA1610092.zip,Y
80,https://ckd.upgrad.com/UpGrad/777ab058-624f-49af-abd1-8727ffb7314b/DDA1610071.zip,30-12-2016 23:11,11:11:10 PM,2016,12,30,10,DDA1610071.zip,Y
81,https://ckd.upgrad.com/UpGrad/2b57031f-b618-4fdb-9a88-71b0baaa8729/DDA1610069.zip,03-01-2017 22:59,10:59:23 PM,2017,1,3,23,DDA1610069.zip,Y
82,https://ckd.upgrad.com/UpGrad/a83288af-3ff8-4963-9cc7-f5fc4a9971a8/DDA1610211.zip,21-12-2016 16:26,04:26:07 PM,2016,12,21,7,DDA1610211.zip,Y
83,https://ckd.upgrad.com/UpGrad/89949850-d646-43c8-9243-f0a5a9ca47d4/DDA1610212.zip,03-01-2017 23:22,11:22:38 PM,2017,1,3,38,DDA1610212.zip,Y
84,https://ckd.upgrad.com/UpGrad/3b8ad751-c637-4a74-bbd4-0d562f497333/DDA1610084.zip,03-01-2017 23:29,11:29:04 PM,2017,1,3,4,DDA1610084.zip,Y
85,https://ckd.upgrad.com/UpGrad/09842859-0c68-41dc-8548-b12c99223658/DDA1610017.zip,03-01-2017 17:25,05:25:16 PM,2017,1,3,16,DDA1610017.zip,Y
86,https://ckd.upgrad.com/UpGrad/90fa00f6-970a-4531-bb54-c05bf4a285ca/DDA1680201.zip,29-12-2016 20:15,08:15:41 PM,2016,12,29,41,DDA1680201.zip,Y
87,https://ckd.upgrad.com/UpGrad/1872b962-0f57-41da-bfc9-0402acc08d42/DDA1610263.zip,04-01-2017 00:18,12:18:00 AM,2017,1,4,0,DDA1610263.zip,Y
88,https://ckd.upgrad.com/UpGrad/1c200aba-36bb-479f-af17-b9f249a09600/DDA1610256.R,06-01-2017 20:51,08:51:29 PM,2017,1,6,29,DDA1610256.R,N
89,https://ckd.upgrad.com/UpGrad/b7a15111-4b45-43a9-a2b7-d2f77b18a8a8/DDA1610153.zip,03-01-2017 23:51,11:51:49 PM,2017,1,3,49,DDA1610153.zip,Y
90,https://ckd.upgrad.com/UpGrad/93fb305a-6bc4-4d52-a187-6fa05c2cd86a/DDA1610078.zip,09-01-2017 10:18,10:18:10 AM,2017,1,9,10,DDA1610078.zip,Y
91,https://ckd.upgrad.com/UpGrad/d7f243cd-af6f-4384-a340-cd387a9618d9/DDA1610229.zip,03-01-2017 23:48,11:48:45 PM,2017,1,3,45,DDA1610229.zip,Y
92,https://ckd.upgrad.com/UpGrad/3da649d8-faa0-4b6c-9faa-a84a2c869ba8/DDA1610115.zip,03-01-2017 21:18,09:18:59 PM,2017,1,3,59,DDA1610115.zip,Y
93,https://ckd.upgrad.com/UpGrad/a3b05347-32b0-4237-8542-acc8b96d633a/DDA1610159.zip,09-01-2017 03:24,03:24:36 AM,2017,1,9,36,DDA1610159.zip,Y
94,https://ckd.upgrad.com/UpGrad/d3c29483-787c-4b65-b28b-21cd9a1a3c1a/DDA1610082.zip,03-01-2017 23:48,11:48:09 PM,2017,1,3,9,DDA1610082.zip,Y
95,https://ckd.upgrad.com/UpGrad/abd34a57-b885-445a-a173-5fb201295407/DDA1610227.zip,03-01-2017 23:21,11:21:15 PM,2017,1,3,15,DDA1610227.zip,Y
96,https://ckd.upgrad.com/UpGrad/a314078b-2a6a-4b79-8d7c-b97d5bf2126c/DDA1610126.zip,03-01-2017 15:38,03:38:28 PM,2017,1,3,28,DDA1610126.zip,Y
97,https://ckd.upgrad.com/UpGrad/a620227c-83a5-4893-9d3c-74d56a5a44bd/DDA1610121.zip,02-01-2017 23:50,11:50:42 PM,2017,1,2,42,DDA1610121.zip,Y
98,https://ckd.upgrad.com/UpGrad/4712ca88-1aa5-4a55-824a-3ab4a71df656/DDA1610225.zip,03-01-2017 22:46,10:46:24 PM,2017,1,3,24,DDA1610225.zip,Y
99,https://ckd.upgrad.com/UpGrad/25a8fbfa-a768-4359-8598-f804c0d1864a/DDA1610239.zip,04-01-2017 00:19,12:19:41 AM,2017,1,4,41,DDA1610239.zip,Y
100,https://ckd.upgrad.com/UpGrad/7d390261-825a-4dac-9b6b-6fa782dad5c6/DDA1610086.zip,03-01-2017 22:44,10:44:20 PM,2017,1,3,20,DDA1610086.zip,Y
101,https://ckd.upgrad.com/UpGrad/4ca04551-bc59-4c7b-bd45-9f23451bf2b5/DDA1610232.zip,01-01-2017 21:58,09:58:18 PM,2017,1,1,18,DDA1610232.zip,Y
102,https://ckd.upgrad.com/UpGrad/d1f742cb-adbc-48ba-b9a7-65761cc9b1dc/DDA1610133.zip,30-12-2016 00:21,12:21:55 AM,2016,12,30,55,DDA1610133.zip,Y
103,https://ckd.upgrad.com/UpGrad/763f90f9-ddaa-4229-9aa6-66535a8dabc6/DDA1610242.zip,03-01-2017 20:10,08:10:26 PM,2017,1,3,26,DDA1610242.zip,Y
104,https://ckd.upgrad.com/UpGrad/05d82794-8b43-45bd-a55a-0a17b8b97967/DDA1610213.zip,08-01-2017 20:03,08:03:27 PM,2017,1,8,27,DDA1610213.zip,Y
105,https://ckd.upgrad.com/UpGrad/adba7f99-4a9d-4aba-a80f-bc35259c952c/DDA1610295.zip,03-01-2017 23:32,11:32:35 PM,2017,1,3,35,DDA1610295.zip,Y
106,https://ckd.upgrad.com/UpGrad/c0c74ba8-aa40-4341-8955-60291cfaa0c6/DDA1610164.zip,03-01-2017 23:29,11:29:03 PM,2017,1,3,3,DDA1610164.zip,Y
107,https://ckd.upgrad.com/UpGrad/dc2cf2d3-37bb-4095-b84a-6ddaa13bb2b3/DDA1610244.zip,03-01-2017 23:37,11:37:04 PM,2017,1,3,4,DDA1610244.zip,Y
108,https://ckd.upgrad.com/UpGrad/c824f343-b7bb-4494-8873-f9ab18a692a2/DDA1610005.zip,03-01-2017 21:58,09:58:52 PM,2017,1,3,52,DDA1610005.zip,Y
109,https://ckd.upgrad.com/UpGrad/b7a15111-4b45-43a9-a3a7-d2f77b18a8a8/DDA1610153.zip,03-01-2017 22:55,10:55:31 PM,2017,1,3,31,DDA1610153.zip,Y
110,https://ckd.upgrad.com/UpGrad/fac83ab8-b4c0-4476-af06-2f180f6f5a72/DDA1680935.zip,03-01-2017 12:45,12:45:54 PM,2017,1,3,54,DDA1680935.zip,Y
111,https://ckd.upgrad.com/UpGrad/df0cac65-fc97-4a5c-83a7-a424b16095ad/DDA1610268.zip,04-01-2017 00:18,12:18:49 AM,2017,1,4,49,DDA1610268.zip,Y
112,https://ckd.upgrad.com/UpGrad/a3a2a7b0-ca51-49a5-89c7-cab16ffa13a1/DDA1610113.zip,03-01-2017 22:16,10:16:56 PM,2017,1,3,56,DDA1610113.zip,Y
113,https://ckd.upgrad.com/UpGrad/d194a07b-c1c7-4f5b-8c4c-dad65cfaccf8/DDA1610122.zip,03-01-2017 23:57,11:57:51 PM,2017,1,3,51,DDA1610122.zip,Y
114,https://ckd.upgrad.com/UpGrad/6f02a066-4a3a-4f0d-8c3c-83f93668cbcf/DDA1610198.zip,03-01-2017 23:58,11:58:10 PM,2017,1,3,10,DDA1610198.zip,Y
115,https://ckd.upgrad.com/UpGrad/b93ca2f7-c3f7-4fca-8faf-1a17a283b59a/DDA1610091.zip,03-01-2017 21:35,09:35:00 PM,2017,1,3,0,DDA1610091.zip,Y
116,https://ckd.upgrad.com/UpGrad/9aa2b777-b54f-4749-b20f-45c3d3407c9a/DDA1610085.zip,03-01-2017 23:58,11:58:35 PM,2017,1,3,35,DDA1610085.zip,Y
117,https://ckd.upgrad.com/UpGrad/ca7ca2ad-1492-4658-8a01-f3fdcb5ac6a4/DDA1610117.zip,03-01-2017 21:05,09:05:10 PM,2017,1,3,10,DDA1610117.zip,Y
118,https://ckd.upgrad.com/UpGrad/5dd7fcb0-421b-48ca-8578-8890cc7a6a18/DDA1610282.zip,09-01-2017 23:08,11:08:57 PM,2017,1,9,57,DDA1610282.zip,Y
119,https://ckd.upgrad.com/UpGrad/9f5daa3f-7af5-4bb6-b005-34cb03188990/DDA1610301.zip,28-12-2016 13:30,01:30:50 PM,2016,12,28,50,DDA1610301.zip,Y
120,https://ckd.upgrad.com/UpGrad/6170aa11-5a1b-4abc-8ab1-858aca0bc757/DDA1610275.zip,03-01-2017 21:55,09:55:53 PM,2017,1,3,53,DDA1610275.zip,Y
121,https://ckd.upgrad.com/UpGrad/a5d6ac30-19a0-4741-a52d-467773a4d170/DDA1610197.zip,09-01-2017 22:43,10:43:43 PM,2017,1,9,43,DDA1610197.zip,Y
122,https://ckd.upgrad.com/UpGrad/79a8d86a-08d9-4c91-b165-a0054da0ca38/DDA1610134.zip,03-01-2017 23:25,11:25:24 PM,2017,1,3,24,DDA1610134.zip,Y
123,https://ckd.upgrad.com/UpGrad/22013159-6c97-4c97-93da-97c17f5c671d/DDA1610006.R,19-11-2016 15:08,03:08:52 PM,2016,11,19,52,DDA1610006.R,N
124,https://ckd.upgrad.com/UpGrad/adf01945-1057-49ba-8857-365019a4c90a/DDA1610003.zip,29-12-2016 03:13,03:13:50 AM,2016,12,29,50,DDA1610003.zip,Y
125,https://ckd.upgrad.com/UpGrad/bffa4817-a43d-474f-9686-3d2a9f0a61a4/DDA1610094.7z,03-01-2017 22:24,10:24:46 PM,2017,1,3,46,DDA1610094.7z,N
126,https://ckd.upgrad.com/UpGrad/50c257d1-4478-4f1a-89a1-95925d5a1fa2/DDA1610101.zip,04-01-2017 00:00,12:00:26 AM,2017,1,4,26,DDA1610101.zip,Y
127,https://ckd.upgrad.com/UpGrad/d8bd86af-228d-46b9-844b-6512aa2068cd/DDA1610285.zip,03-01-2017 23:46,11:46:39 PM,2017,1,3,39,DDA1610285.zip,Y
128,https://ckd.upgrad.com/UpGrad/6cb7a0ad-3bfa-4b07-9040-d75982cda7fa/DDA1610163.zip,03-01-2017 01:04,01:04:10 AM,2017,1,3,10,DDA1610163.zip,Y
129,https://ckd.upgrad.com/UpGrad/080b96b7-485a-4a3d-9dd4-b2aca2b52f41/DDA160021.zip,03-01-2017 22:15,10:15:30 PM,2017,1,3,30,DDA160021.zip,Y
130,https://ckd.upgrad.com/UpGrad/41a44412-2f48-4498-ba15-ab288ffa146c/DDA1610144.zip,09-01-2017 23:30,11:30:12 PM,2017,1,9,12,DDA1610144.zip,Y
131,https://ckd.upgrad.com/UpGrad/21bcabf3-0d26-490a-9051-24da604bb391/DDA1610040.zip,08-01-2017 23:47,11:47:27 PM,2017,1,8,27,DDA1610040.zip,Y
132,https://ckd.upgrad.com/UpGrad/d855f338-09c8-48cd-ad57-0d5579009a97/DDA1610204.zip,03-01-2017 23:56,11:56:10 PM,2017,1,3,10,DDA1610204.zip,Y
133,https://ckd.upgrad.com/UpGrad/a33adab9-35b8-4415-a84a-70baadc5c03d/DDA1610062.zip,10-01-2017 01:05,01:05:45 AM,2017,1,10,45,DDA1610062.zip,Y
134,https://ckd.upgrad.com/UpGrad/22d61bd2-597a-43fa-ba76-27a0b88a5a94/DDA1610284.zip,07-01-2017 22:55,10:55:43 PM,2017,1,7,43,DDA1610284.zip,Y
135,https://ckd.upgrad.com/UpGrad/6c1a884d-90f2-4299-8baa-a20b28a775ca/DDA1610161.zip,03-01-2017 23:28,11:28:14 PM,2017,1,3,14,DDA1610161.zip,Y
136,https://ckd.upgrad.com/UpGrad/797196cc-6537-410a-a098-ac2038797bba/DDA1610194.zip,03-01-2017 23:36,11:36:37 PM,2017,1,3,37,DDA1610194.zip,Y
137,https://ckd.upgrad.com/UpGrad/a2d78098-a4cd-4913-8fda-292d47d20b5a/DDA1610236.zip,03-01-2017 14:33,02:33:29 PM,2017,1,3,29,DDA1610236.zip,Y
138,https://ckd.upgrad.com/UpGrad/572da716-a2df-49ab-97c1-c327b10cb5ad/DDA1610041.zip,03-01-2017 08:42,08:42:40 AM,2017,1,3,40,DDA1610041.zip,Y
139,https://ckd.upgrad.com/UpGrad/539cf0f8-d5c5-411c-b824-61fa01d43fad/DDA1610135.zip,03-01-2017 22:27,10:27:07 PM,2017,1,3,7,DDA1610135.zip,Y
140,https://ckd.upgrad.com/UpGrad/49ca0843-7adf-4a92-9293-cba1fb53b4a4/DDA1610162.zip,31-12-2016 00:27,12:27:21 AM,2016,12,31,21,DDA1610162.zip,Y
141,https://ckd.upgrad.com/UpGrad/75849874-7723-4a33-829c-8ad53901f794/DDA1610219.zip,04-01-2017 03:11,03:11:27 AM,2017,1,4,27,DDA1610219.zip,Y
142,https://ckd.upgrad.com/UpGrad/7a64286b-a78c-4f75-8a02-f80ffc69a7af/DDA1610292.zip,10-01-2017 00:03,12:03:29 AM,2017,1,10,29,DDA1610292.zip,Y
143,https://ckd.upgrad.com/UpGrad/2723251a-a72d-438a-b275-a94ab648aad8/DDA1610098.zip,30-12-2016 17:34,05:34:34 PM,2016,12,30,34,DDA1610098.zip,Y
144,https://ckd.upgrad.com/UpGrad/567bfacb-48b0-425b-bb70-ca833d4b7a14/DDA1610255.zip,09-01-2017 21:20,09:20:33 PM,2017,1,9,33,DDA1610255.zip,Y
145,https://ckd.upgrad.com/UpGrad/a6a3aa94-dd30-4236-9249-b056fb29da13/DDA1610125.zip,02-01-2017 22:22,10:22:58 PM,2017,1,2,58,DDA1610125.zip,Y
146,https://ckd.upgrad.com/UpGrad/aa8c3d29-6a11-41dd-9f90-ad9da2cfa0d3/DDA1610222.zip,03-01-2017 23:18,11:18:20 PM,2017,1,3,20,DDA1610222.zip,Y
147,https://ckd.upgrad.com/UpGrad/aa008405-ca65-487a-8608-9a1dca83cc27/DDA1680584.zip,03-01-2017 21:28,09:28:46 PM,2017,1,3,46,DDA1680584.zip,Y
148,https://ckd.upgrad.com/UpGrad/d2343djgs-4239-9129-2sfdjhs345afbbc7/DDA1610231.zip,03-01-2017 12:51,12:51:19 PM,2017,1,3,19,DDA1610231.zip,Y
149,https://ckd.upgrad.com/UpGrad/8b6a8d61-733f-425a-910a-d1a531365a86/DDA1610169.zip,03-01-2017 22:46,10:46:50 PM,2017,1,3,50,DDA1610169.zip,Y
150,https://ckd.upgrad.com/UpGrad/b67a4743-6796-4c7a-aa7d-8afad6282cd2/DDA1610166.zip,09-01-2017 23:40,11:40:12 PM,2017,1,9,12,DDA1610166.zip,Y
151,https://ckd.upgrad.com/UpGrad/179b622a-41a5-4f93-b317-7f2882131d69/DDA1610175.zip,03-01-2017 21:47,09:47:40 PM,2017,1,3,40,DDA1610175.zip,Y
152,https://ckd.upgrad.com/UpGrad/a0b83a9b-f8b2-4a2c-8f73-6668af14fa8a/DDA1610015.zip,07-01-2017 11:31,11:31:44 AM,2017,1,7,44,DDA1610015.zip,Y
153,https://ckd.upgrad.com/UpGrad/8022a8ac-a72a-44f5-a90f-80ff7ad8339a/DDA1680843.zip,03-01-2017 17:04,05:04:30 PM,2017,1,3,30,DDA1680843.zip,Y
154,https://ckd.upgrad.com/UpGrad/490acf73-0029-45a3-835c-fac81df400bf/DDA1610199.zip,03-01-2017 23:46,11:46:26 PM,2017,1,3,26,DDA1610199.zip,Y
155,https://ckd.upgrad.com/UpGrad/19aa3aa1-77ba-459b-8177-022543079074/DDA1610016.zip,30-12-2016 20:52,08:52:24 PM,2016,12,30,24,DDA1610016.zip,Y
156,https://ckd.upgrad.com/UpGrad/fa2dfa52-db3c-4082-ac59-b8879b47c692/DDA1610186.zip,03-01-2017 14:38,02:38:39 PM,2017,1,3,39,DDA1610186.zip,Y
157,https://ckd.upgrad.com/UpGrad/901d5bdd-4211-4975-a0bf-c3c6a0d75470/DDA1610080.zip,03-01-2017 21:35,09:35:11 PM,2017,1,3,11,DDA1610080.zip,Y
158,https://ckd.upgrad.com/UpGrad/25f087f9-974d-4908-849b-219f76fba301/DDA1610031.zip,03-01-2017 20:27,08:27:34 PM,2017,1,3,34,DDA1610031.zip,Y
159,https://ckd.upgrad.com/UpGrad/b6b9b5aa-7f77-4740-a227-dabd6c212da4/DDA1610011.zip,03-01-2017 22:28,10:28:00 PM,2017,1,3,0,DDA1610011.zip,Y
160,https://ckd.upgrad.com/UpGrad/2850c0ab-28ab-433c-8ddd-d35080aa8b90/DDA1610178.zip,03-01-2017 13:30,01:30:02 PM,2017,1,3,2,DDA1610178.zip,Y
161,https://ckd.upgrad.com/UpGrad/591937ab-cd38-44c6-9750-abf5f5475413/DDA1610109.zip,03-01-2017 21:09,09:09:43 PM,2017,1,3,43,DDA1610109.zip,Y
162,https://ckd.upgrad.com/UpGrad/0387ccdd-a712-4094-9c7d-d30b646b6f73/DDA1610260.zip,09-01-2017 21:51,09:51:20 PM,2017,1,9,20,DDA1610260.zip,Y
163,https://ckd.upgrad.com/UpGrad/a65db4b2-3d37-46bw-83c1-d6c67fa87s4w/DDA1610010.zip,03-01-2017 20:20,08:20:50 PM,2017,1,3,50,DDA1610010.zip,Y
164,https://ckd.upgrad.com/UpGrad/21a2aa0a-6d9a-4aa7-a91b-6a1f1bc22778/DDA1610124.7z,03-01-2017 22:33,10:33:45 PM,2017,1,3,45,DDA1610124.7z,N
165,https://ckd.upgrad.com/UpGrad/b10275c8-0a0a-47b6-b105-52a1487ab3ad/DDA1610267.zip,03-01-2017 23:59,11:59:49 PM,2017,1,3,49,DDA1610267.zip,Y
166,https://ckd.upgrad.com/UpGrad/0afb7f51-719d-426b-911f-7664b0f82911/DDA1610127.zip,03-01-2017 18:43,06:43:57 PM,2017,1,3,57,DDA1610127.zip,Y
167,https://ckd.upgrad.com/UpGrad/8a398a04-4383-4dd5-a647-5277145d9d05/DDA1610154.R,02-01-2017 21:32,09:32:47 PM,2017,1,2,47,DDA1610154.R,N
168,https://ckd.upgrad.com/UpGrad/b46a022a-b74b-4caa-b905-c7aad622db72/DDA1610014.zip,03-01-2017 23:48,11:48:00 PM,2017,1,3,0,DDA1610014.zip,Y
169,https://ckd.upgrad.com/UpGrad/3f831a1a-3082-4238-8f2a-a8030af050ca/DDA1610104.zip,03-01-2017 18:33,06:33:15 PM,2017,1,3,15,DDA1610104.zip,Y
170,https://ckd.upgrad.com/UpGrad/5b7c9a5f-3263-4854-9f38-46adb951b901/DDA1610152.zip,01-01-2017 13:57,01:57:02 PM,2017,1,1,2,DDA1610152.zip,Y
171,https://ckd.upgrad.com/UpGrad/aadfa80f-343c-4732-ac95-465cf6b12926/DDA1610187.zip,03-01-2017 21:04,09:04:41 PM,2017,1,3,41,DDA1610187.zip,Y
172,https://ckd.upgrad.com/UpGrad/33f83608-457a-42a3-bf20-c1a2c64b892c/DDA1610090.zip,03-01-2017 21:57,09:57:19 PM,2017,1,3,19,DDA1610090.zip,Y
173,https://ckd.upgrad.com/UpGrad/9ad16586-65ca-4a7f-ba83-7b198f5baa22/DDA1610099.zip,09-01-2017 23:49,11:49:00 PM,2017,1,9,0,DDA1610099.zip,Y
174,https://ckd.upgrad.com/UpGrad/6fc6d73a-c6dd-4b52-89a8-c5951a4a2ab4/DDA1610108.zip,03-01-2017 23:29,11:29:35 PM,2017,1,3,35,DDA1610108.zip,Y
175,https://ckd.upgrad.com/UpGrad/a4282825-253d-4327-b200-653b73c75c6f/DDA1610001.zip,03-01-2017 23:20,11:20:17 PM,2017,1,3,17,DDA1610001.zip,Y
176,https://ckd.upgrad.com/UpGrad/8002aa52-c1c0-4839-a8fc-b9bac5a79cab/DDA1610215.zip,01-01-2017 19:08,07:08:07 PM,2017,1,1,7,DDA1610215.zip,Y
177,https://ckd.upgrad.com/UpGrad/25a979ba-6271-496a-98c9-a1fc8a75da14/DDA1610004.zip,03-01-2017 23:45,11:45:36 PM,2017,1,3,36,DDA1610004.zip,Y
178,https://ckd.upgrad.com/UpGrad/b29ffdd8-0d48-47a9-bd5a-0040df78caf1/DDA1610286.zip,02-01-2017 14:32,02:32:35 PM,2017,1,2,35,DDA1610286.zip,Y
179,https://ckd.upgrad.com/UpGrad/a160f79d-26fa-4a62-8d55-a32bdf997a5f/DDA1610116.zip,03-01-2017 23:13,11:13:56 PM,2017,1,3,56,DDA1610116.zip,Y
180,https://ckd.upgrad.com/UpGrad/3dafd0aa-d59d-4c0a-837b-79a6a2467530/DDA1610088.zip,02-01-2017 22:21,10:21:48 PM,2017,1,2,48,DDA1610088.zip,Y
181,https://ckd.upgrad.com/UpGrad/63ffc96d-c821-437d-88b4-a4111ac5aaa7/DDA1610283.zip,30-12-2016 19:44,07:44:32 PM,2016,12,30,32,DDA1610283.zip,Y
182,https://ckd.upgrad.com/UpGrad/d4d415a4-f40a-49f3-ada3-7a44a82c60c2/DDA1610241.zip,03-01-2017 23:55,11:55:20 PM,2017,1,3,20,DDA1610241.zip,Y
183,https://ckd.upgrad.com/UpGrad/6b16aa55-f108-481a-a92a-46b665a910af/DDA1610270.zip,03-01-2017 18:34,06:34:15 PM,2017,1,3,15,DDA1610270.zip,Y
184,https://ckd.upgrad.com/UpGrad/5cf6930c-a9f3-41f1-8cf4-422b314673fc/DDA1610192.zip,01-01-2017 22:45,10:45:11 PM,2017,1,1,11,DDA1610192.zip,Y
185,https://ckd.upgrad.com/UpGrad/56253d5b-4604-4235-85f0-5aa0afdaa66b/DDA1610035.zip,03-01-2017 23:09,11:09:24 PM,2017,1,3,24,DDA1610035.zip,Y
186,https://ckd.upgrad.com/UpGrad/b4b8c6d1-7da7-4b6f-bc68-973af70c5340/DDA1610299.zip,03-01-2017 10:47,10:47:58 AM,2017,1,3,58,DDA1610299.zip,Y
187,https://ckd.upgrad.com/UpGrad/af03448a-a632-4ba1-af61-dcd2764d237a/DDA1610251.zip,02-01-2017 17:37,05:37:10 PM,2017,1,2,10,DDA1610251.zip,Y
188,https://ckd.upgrad.com/UpGrad/703aa555-f7f3-46df-8c33-7a9f117aa521/DDA1610248.zip,03-01-2017 09:49,09:49:31 AM,2017,1,3,31,DDA1610248.zip,Y
189,https://ckd.upgrad.com/UpGrad/5ab6d99a-aadd-40c9-b790-ad3da2872618/DDA1610280.zip,09-01-2017 22:31,10:31:37 PM,2017,1,9,37,DDA1610280.zip,Y
190,https://ckd.upgrad.com/UpGrad/c3379732-648f-457f-a360-7a6da3d2b092/DDA1610209.zip,03-01-2017 21:19,09:19:18 PM,2017,1,3,18,DDA1610209.zip,Y
191,https://ckd.upgrad.com/UpGrad/bab870d9-d191-4a26-811c-28fa2487aca0/DDA1610193.zip,08-01-2017 23:59,11:59:21 PM,2017,1,8,21,DDA1610193.zip,Y
192,https://ckd.upgrad.com/UpGrad/3fb950ca-35f2-435c-b6d6-6918f9b1c19a/DDA1610138.zip,03-01-2017 22:38,10:38:17 PM,2017,1,3,17,DDA1610138.zip,Y
193,https://ckd.upgrad.com/UpGrad/ba485323-bba6-4b16-9283-958406a78a6f/DDA1610228.zip,03-01-2017 22:43,10:43:12 PM,2017,1,3,12,DDA1610228.zip,Y
194,https://ckd.upgrad.com/UpGrad/a65694d0-339b-44f3-b6bf-a3b15c87ab9c/DDA1610200.zip,09-01-2017 23:59,11:59:34 PM,2017,1,9,34,DDA1610200.zip,Y
195,https://ckd.upgrad.com/UpGrad/c3876ddf-2b2f-4a55-952d-2df78fc12ad8/DDA1610183.zip,19-12-2016 21:44,09:44:13 PM,2016,12,19,13,DDA1610183.zip,Y
196,https://ckd.upgrad.com/UpGrad/2b9732ad-0985-4af4-a473-4700174afbc0/DDA1610013.R,09-01-2017 23:23,11:23:06 PM,2017,1,9,6,DDA1610013.R,N
197,https://ckd.upgrad.com/UpGrad/21da378c-75a4-4a37-9924-d2a971ba5290/DDA1610048.zip,03-01-2017 22:32,10:32:38 PM,2017,1,3,38,DDA1610048.zip,Y
